{"cameraMode":{"drawMode":0,"name":"Shaded","section":"Shading Mode"},"sceneLighting":false,"audioPlay":false,"sceneViewState":{"showFog":true,"showMaterialUpdate":false,"showSkybox":true,"showFlares":true,"showImageEffects":true,"showParticleSystems":true},"in2DMode":false,"pivot":{"x":8.7280855178833,"y":1.4321179389953614,"z":6.790078163146973},"rotation":{"x":-0.3150331377983093,"y":0.406242698431015,"z":-0.15204517543315888,"w":-0.8443261384963989},"size":6.6201910972595219,"orthographic":false}