{"cameraMode":{"drawMode":0,"name":"Shaded","section":"Shading Mode"},"sceneLighting":false,"audioPlay":false,"sceneViewState":{"showFog":true,"showMaterialUpdate":false,"showSkybox":true,"showFlares":true,"showImageEffects":true,"showParticleSystems":true},"in2DMode":false,"pivot":{"x":-2.086162567138672e-7,"y":0.46881943941116335,"z":-0.02538149058818817},"rotation":{"x":0.1528843343257904,"y":-0.7315757274627686,"z":0.17476429045200349,"w":0.6411765813827515},"size":1.8282655477523804,"orthographic":false}